,SCH_NAME,LEAID
24087,Gardner-Newman Middle School,1300001
24088,Hollis Hand Elementary School,1300001
24089,LaGrange High School,1300001
24090,Berta Weathersbee Elementary School,1300001
24091,Hillcrest Elementary School,1300001
24092,Rosemont Elementary School,1300001
24093,Long Cane Middle School,1300001
24094,Hogansville Elementary School,1300001
24095,Whitesville Road Elementary School,1300001
24096,Ethel W. Kight Elementary School,1300001
24097,West Point Elementary School,1300001
24098,Troup County High School,1300001
24099,Long Cane Elementary School,1300001
24100,Callaway Middle School,1300001
24101,Callaway High School,1300001
24102,Franklin Forest Elementary,1300001
24103,Bradfield Center - Ault Academy,1300001
24104,Callaway Elementary School,1300001
24105,Statesboro STEAM Academy,1300005
24106,Odyssey Charter School,1300023
24107,Department of Corrections,1300025
24108,Crisp RYDC,1300026
24109,Augusta Youth Development Campus,1300026
24110,Macon Youth Development Campus,1300026
24111,Eastman Youth Development Campus,1300026
24112,Albany Regional Youth Detention Center,1300026
24113,Augusta Regional Youth Detention Center,1300026
24114,Martha K. Glaze Regional Youth Detention Center,1300026
24115,Claxton Regional Youth Detention Center,1300026
24116,Elbert Shaw Regional Youth Detention Center,1300026
24117,DeKalb Regional Youth Detention Center,1300026
24118,Eastman Regional Youth Detention Center,1300026
24119,Gainesville Regional Youth Detention Center,1300026
24120,Macon Regional Youth Detention Center,1300026
24121,Marietta Regional Youth Detention Center,1300026
24122,Bob Richards Regional Youth Detention Center,1300026
24123,Sandersville Regional Youth Detention Center,1300026
24124,Savannah Regional Youth Detention Center,1300026
24125,T J Loftiss II Regional Youth Detention Center,1300026
24126,Waycross Regional Youth Detention Center,1300026
24127,Metro Regional Youth Detention Center,1300026
24128,Sumter Youth Development Campus,1300026
24129,Muscogee Youth Development Center,1300026
24130,Aaron Cohn Regional Youth Detention Center,1300026
24131,Atlanta Youth Detention Center,1300026
24132,Rockdale RYDC,1300026
24133,Millegeville ITU,1300026
24134,Terrell Regional Youth Detention Center,1300026
24135,Department of Human Resources,1300027
24136,Appling County Primary School,1300060
24137,Appling County Elementary School,1300060
24138,Fourth District Elementary School,1300060
24139,Appling County Middle School,1300060
24140,Appling County High School,1300060
24141,Altamaha Elementary School,1300060
24142,Pearson Elementary School,1300090
24143,Atkinson County High School,1300090
24144,Willacoochee Elementary School,1300090
24145,Atkinson County Middle School,1300090
24146,Long Middle School,1300120
24147,Boyd Elementary School,1300120
24148,King Middle School,1300120
24149,Inman Middle School,1300120
24150,Garden Hills Elementary School,1300120
24151,Towns Elementary School,1300120
24152,Rivers Elementary School,1300120
24153,Kimberly Elementary School,1300120
24154,Hutchinson Elementary School,1300120
24155,Humphries Elementary School,1300120
24156,F. L. Stanton Elementary School,1300120
24157,Toomer Elementary School,1300120
24158,Dunbar Elementary School,1300120
24159,Sylvan Hills Middle School,1300120
24160,Slater Elementary School,1300120
24161,Price Middle School,1300120
24162,Miles Intermediate School,1300120
24163,Grady High School,1300120
24164,Thomasville Heights Elementary School,1300120
24165,Benteen Elementary School,1300120
24166,Barack and Michelle Obama Academy,1300120
24167,M. A. Jones Elementary School,1300120
24168,Douglass High School,1300120
24169,Cleveland Elementary School,1300120
24170,Cascade Elementary School,1300120
24171,Whitefoord Elementary School,1300120
24172,Scott Elementary School,1300120
24173,Fickett Elementary School,1300120
24174,Peyton Forest Elementary School,1300120
24175,Sutton Middle School,1300120
24176,Fain Elementary School,1300120
24177,Continental Colony Elementary School,1300120
24178,Beecher Hills Elementary School,1300120
24179,Crim High School,1300120
24180,West Manor Elementary School,1300120
24181,Perkerson Elementary School,1300120
24182,Smith Elementary School,1300120
24183,Brandon Elementary School,1300120
24184,Morningside Elementary School,1300120
24185,Lin Elementary School,1300120
24186,Jackson Elementary School,1300120
24187,Gideons Elementary School,1300120
24188,The John Hope-Charles Walter Hill Elementary Schools,1300120
24189,Bunche Middle School,1300120
24190,Mays High School,1300120
24191,Young Middle School,1300120
24192,Maynard H. Jackson- Jr. High School,1300120
24193,North Atlanta High School,1300120
24194,Centennial Academy,1300120
24195,Brown Middle School,1300120
24196,Charles R. Drew Charter School,1300120
24197,Parkside Elementary School,1300120
24198,Heritage Academy Elementary,1300120
24199,Atlanta Neighborhood Charter - Elementary,1300120
24200,APS-Forrest Hills Academy,1300120
24201,Dobbs Elementary School,1300120
24202,Bolton Academy,1300120
24203,Harper-Archer Middle School,1300120
24204,Bazoline E. Usher/Collier Heights Elmentary School,1300120
24205,KIPP West Atlanta Young Scholars Academy,1300120
24206,Finch Elementary,1300120
24207,Deerwood Academy School,1300120
24208,Burgess-Peterson Elementary School,1300120
24209,Early College High School at Carver,1300120
24210,Atlanta Neighborhood Charter - Middle,1300120
24211,School of Technology at Carver,1300120
24212,B.E.S.T Academy,1300120
24213,Wesley International Academy Charter Facility,1300120
24214,Hillside Conant School,1300120
24215,Kipp Strive Academy,1300120
24216,Springdale Park Elementary School,1300120
24217,Corretta Scott King Womens' Leadership Academy,1300120
24218,KIPP VISION,1300120
24219,Kindezi,1300120
24220,KIPP Atlanta Collegiate,1300120
24221,Adamsville Primary School,1300120
24222,KIPP Strive Primary,1300120
24223,KIPP Vision Primary,1300120
24224,Westside Atlanta Charter School,1300120
24225,Atlanta Classical Academy,1300120
24226,Kipp WAYS Primary School,1300120
24227,Charles Drew Charter School JA/SA,1300120
24228,Booker T. Washington High School,1300120
24229,Therrell High School,1300120
24230,Carver High School,1300120
24231,Woodson Park Academy,1300120
24232,Michael R. Hollis Innovation Academy,1300120
24233,South Atlanta High School,1300120
24234,Tuskegee Airman Global Academy,1300120
24235,John Lewis Invictus Academy,1300120
24236,Kindezi Old 4th Ward,1300120
24237,Bacon County Elementary School,1300150
24238,Bacon County Primary School,1300150
24239,Bacon County Middle School,1300150
24240,Bacon County High School,1300150
24241,Baker County K12 School,1300180
24242,Baker County Learning Center,1300180
24243,Baldwin High School,1300210
24244,Midway Elementary School,1300210
24245,Blandy Hills Elementary School,1300210
24246,Creekside Elementary School,1300210
24247,Oak Hill MS,1300210
24248,Eagle Ridge Elementary School,1300210
24249,Midway Hills Primary,1300210
24250,Midway Hills Academy,1300210
24251,Lakeview Primary,1300210
24252,Lakeview Academy,1300210
24253,Mountain Education Charter High School,1300214
24254,Ivy Preparatory Academy At Gwinnett,1300215
24255,Fulton Leadership Academy,1300217
24256,Pataula Charter Academy,1300218
24257,Atlanta Heights Charter School,1300221
24258,Coweta Charter Academy,1300222
24259,Georgia School for the Deaf,1300223
24260,Georgia Academy for the Blind,1300224
24261,Atlanta Area School for the Deaf,1300225
24262,Ivy Preparatory Academy- Inc,1300226
24263,Georgia Connections Academy,1300227
24264,Cherokee Charter Academy,1300230
24265,Graduation Achievement Center Charter High School,1300231
24266,Georgia Cyber Academy,1300232
24267,Utopian Academy for the Arts Charter School,1300233
24268,International Charter School of Atlanta,1300234
24269,Foothills Charter High School (Central Office - Madison),1300235
24270,Scintilla Charter Academy,1300236
24271,Dubois Integrity Academy,1300237
24272,Georgia School for Innovation and the Classics,1300238
24273,Cirrus Charter Academy,1300239
24274,Banks County High School,1300240
24275,Banks County Primary School,1300240
24276,Banks County Middle School,1300240
24277,Banks County Elementary School,1300240
24278,Liberty Tech Charter Academy,1300241
24279,Brookhaven Innovation Academy,1300242
24280,Southwest Georgia S.T.E.M. Charter Academy,1300243
24281,Genesis Innovation Academy for Girls,1300244
24282,SAIL Charter Academy - School for Arts-Infused Learning,1300245
24283,Coastal Plains Charter High School - Candler Campus,1300246
24284,Resurgence Hall Charter School,1300247
24285,Genesis Innovation Academy for Boys,1300248
24286,International Academy of Smyrna,1300249
24287,Bramlett Elementary School,1300290
24288,Statham Elementary School,1300290
24289,Holsenbeck Elementary School,1300290
24290,Winder-Barrow High School,1300290
24291,County Line Elementary School,1300290
24292,Bear Creek Middle School,1300290
24293,Bethlehem Elementary School,1300290
24294,Auburn Elementary School,1300290
24295,Westside Middle School,1300290
24296,Kennedy Elementary School,1300290
24297,Russell Middle School,1300290
24298,Yargo Elementary School,1300290
24299,Apalachee High School,1300290
24300,Haymon-Morris Middle School,1300290
24301,Alternative School,1300290
24302,Winder Elementary School,1300290
24303,Emerson Elementary School,1300330
24304,Cloverleaf Elementary,1300330
24305,Cass High School,1300330
24306,Hamilton Crossing Elementary School,1300330
24307,Adairsville Elementary School,1300330
24308,White Elementary School,1300330
24309,Taylorsville Elementary School,1300330
24310,Kingston Elementary School,1300330
24311,Allatoona Elementary School,1300330
24312,Cass Middle School,1300330
24313,Woodland High School,1300330
24314,Mission Road Elementary School,1300330
24315,South Central Middle School,1300330
24316,Woodland Middle School at Euharlee,1300330
24317,Adairsville Middle School,1300330
24318,Adairsville High School,1300330
24319,Euharlee Elementary School,1300330
24320,Clear Creek Elementary School,1300330
24321,Pine Log Elementary,1300330
24322,Ben Hill Elementary School,1300360
24323,Fitzgerald High School,1300360
24324,Ben Hill County Primary School,1300360
24325,Ben Hill County Middle School,1300360
24326,Berrien High School,1300390
24327,Berrien Primary School,1300390
24328,Berrien Middle School,1300390
24329,Berrien Elementary School,1300390
24330,Berrien Academy Performance Learning Center,1300390
24331,Alexander II Magnet School,1300420
24332,Bernd Elementary School,1300420
24333,Williams Elementary School,1300420
24334,Appling Middle School,1300420
24335,Lane Elementary School,1300420
24336,Springdale Elementary School,1300420
24337,Ingram/Pye Elementary School,1300420
24338,Heard Elementary School,1300420
24339,Hartley Elementary School,1300420
24340,Riley Elementary School,1300420
24341,Porter Elementary School,1300420
24342,Carter Elementary School,1300420
24343,Weaver Middle School,1300420
24344,Union Elementary School,1300420
24345,Westside High School,1300420
24346,Central High School,1300420
24347,Northeast High School,1300420
24348,Southwest High School,1300420
24349,Brookdale Elementary School,1300420
24350,Miller Magnet Middle School,1300420
24351,Heritage Elementary School,1300420
24352,Skyview Elementary School,1300420
24353,Vineville Academy,1300420
24354,Burdell Elementary School,1300420
24355,Rutland High School,1300420
24356,Rutland Middle School,1300420
24357,Howard Middle School,1300420
24358,Rosa Taylor Elementary School,1300420
24359,Price Academy,1300420
24360,Ballard Hudson Middle School,1300420
24361,LakeBridge Behavioral Health System,1300420
24362,Howard High School,1300420
24363,Bruce Elementary School,1300420
24364,Elam Alexander Academy at Burke,1300420
24365,Academy For Classical Education,1300420
24366,Martin Luther King Jr Elementary School,1300420
24367,Southfield Elementary School,1300420
24368,Veterans Elementary School,1300420
24369,Bleckley County High School,1300440
24370,Bleckley Middle School,1300440
24371,Bleckley County Primary School,1300440
24372,Bleckley County Elementary School,1300440
24373,Bleckley County Success Academy,1300440
24374,Brantley County Middle School,1300480
24375,Nahunta Elementary School,1300480
24376,Hoboken Elementary School,1300480
24377,Brantley County High School,1300480
24378,Nahunta Primary School,1300480
24379,Waynesville Primary School,1300480
24380,Atkinson Elementary School,1300480
24381,Jones Elementary School,1300510
24382,Bremen High School,1300510
24383,Bremen Middle School,1300510
24384,Bremen 4th & 5th Grade Academy,1300510
24385,Quitman Elementary School,1300540
24386,North Brooks Elementary School,1300540
24387,Brooks County High School,1300540
24388,Brooks County Middle School,1300540
24389,Delta Innovative School,1300540
24390,Brooks County Early Learning Center,1300540
24391,Richmond Hill Primary School,1300570
24392,Lanier Primary School,1300570
24393,Richmond Hill High School,1300570
24394,Bryan County Elementary School,1300570
24395,Richmond Hill Middle School,1300570
24396,Dr. George Washington Carver Elementary School,1300570
24397,Richmond Hill Elementary School,1300570
24398,Bryan County Middle School,1300570
24399,Bryan County High School,1300570
24400,McAllister Elementary School,1300570
24401,Buford High School,1300600
24402,Buford Elementary School,1300600
24403,Buford Middle School,1300600
24404,Buford Academy,1300600
24405,Brooklet Elementary School,1300630
24406,Portal Middle/High School,1300630
24407,Stilson Elementary School,1300630
24408,Statesboro High School,1300630
24409,Julia P. Bryant Elementary School,1300630
24410,Sallie Zetterower Elementary School,1300630
24411,Mattie Lively Elementary School,1300630
24412,William James Middle School,1300630
24413,Langston Chapel Elementary School,1300630
24414,Langston Chapel Middle School,1300630
24415,Mill Creek Elementary School,1300630
24416,Southeast Bulloch Middle School,1300630
24417,Portal Elementary School,1300630
24418,Nevils Elementary School,1300630
24419,Southeast Bulloch High School,1300630
24420,Waynesboro Primary School,1300660
24421,Burke County Middle School,1300660
24422,Burke County High School,1300660
24423,S G A Elementary School,1300660
24424,Blakeney Elementary,1300660
24425,Jackson High School,1300690
24426,Henderson Middle School,1300690
24427,Hampton L. Daughtry Elementary School,1300690
24428,Stark Elementary School,1300690
24429,Jackson Elementary School,1300690
24430,Calhoun High School,1300720
24431,Calhoun Primary School,1300720
24432,Calhoun Middle School,1300720
24433,Calhoun Elementary School,1300720
24434,Calhoun County Elementary School,1300750
24435,Calhoun County High School,1300750
24436,Calhoun County Middle School,1300750
24437,Woodbine Elementary School,1300780
24438,Kingsland Elementary School,1300780
24439,Saint Marys Elementary School,1300780
24440,Camden County High School,1300780
24441,David L Rainer Elementary School,1300780
24442,Mary Lee Clark Elementary School,1300780
24443,Camden Middle School,1300780
24444,Sugarmill Elementary,1300780
24445,Crooked River Elementary School,1300780
24446,Matilda Harris Elementary School,1300780
24447,Mamie Lou Gross Elementary School,1300780
24448,Saint Marys Middle School,1300780
24449,Metter Elementary School,1300810
24450,Metter High School,1300810
24451,Metter Middle School,1300810
24452,Metter Intermediate School,1300810
24453,Mount Zion Elementary School,1300840
24454,Temple Elementary School,1300840
24455,Central Middle School,1300840
24456,Villa Rica High School,1300840
24457,Sand Hill Elementary School,1300840
24458,Central Elementary School,1300840
24459,Roopville Elementary School,1300840
24460,Bowdon High School,1300840
24461,Central High School,1300840
24462,Bowdon Elementary School,1300840
24463,Whitesburg Elementary School,1300840
24464,Temple High School,1300840
24465,Bay Springs Middle School,1300840
24466,Villa Rica Elementary School,1300840
24467,Sharp Creek Elementary School,1300840
24468,Bowdon Middle School,1300840
24469,Temple Middle School,1300840
24470,Villa Rica Middle,1300840
24471,Ithica Elementary,1300840
24472,Glanton-Hindsman Elementary,1300840
24473,KidsPeace,1300840
24474,Mt. Zion Middle School,1300840
24475,Mt. Zion High School,1300840
24476,Providence Elementary School,1300840
24477,GOAL Program,1300840
24478,Carrollton Elementary School,1300870
24479,Carrollton High School,1300870
24480,Carrollton Jr. High School,1300870
24481,Carrollton Middle-Upper Elementary School,1300870
24482,Cartersville High School,1300900
24483,Cartersville Middle School,1300900
24484,Cartersville Primary School,1300900
24485,Cartersville Elementary School,1300900
24486,Battlefield Elementary School,1300930
24487,Cloud Springs Elementary School,1300930
24488,Lakeview Middle School,1300930
24489,West Side Elementary School,1300930
24490,Lakeview-Fort Oglethorpe High School,1300930
24491,Ringgold Middle School,1300930
24492,Graysville Elementary School,1300930
24493,Ringgold High School,1300930
24494,Ringgold Elementary School,1300930
24495,Boynton Elementary School,1300930
24496,Tiger Creek Elementary School,1300930
24497,Ringgold Primary School,1300930
24498,Battlefield Primary,1300930
24499,Woodstation Elementary School,1300930
24500,Heritage Middle School,1300930
24501,Heritage High School,1300930
24502,Charlton County High School,1300990
24503,St. George Elementary School,1300990
24504,Folkston Elementary School,1300990
24505,Bethune Middle School,1300990
24506,Georgetown School,1301020
24507,DeRenne Middle School,1301020
24508,Howard Elementary School,1301020
24509,Heard Elementary School,1301020
24510,Gadsden Elementary School,1301020
24511,Otis J Brock III Elementary School,1301020
24512,Thunderbolt Elementary School,1301020
24513,Spencer Elementary School,1301020
24514,Largo-Tibet Elementary School,1301020
24515,Hubert Middle School,1301020
24516,Gould Elementary School,1301020
24517,Beach High School,1301020
24518,White Bluff Elementary School,1301020
24519,Myers Middle School,1301020
24520,Johnson High School,1301020
24521,Jacob G. Smith Elementary School,1301020
24522,Pulaski Elementary SChool,1301020
24523,Mercer Middle School,1301020
24524,Jenkins High School,1301020
24525,Hodge Elementary School,1301020
24526,Butler Elementary School,1301020
24527,The STEM Academy at Bartlett,1301020
24528,Windsor Forest Elementary School,1301020
24529,Port Wentworth Elementary School,1301020
24530,Hesse School,1301020
24531,Haven Elementary School,1301020
24532,Ellis Elementary School,1301020
24533,Bloomingdale Elementary School,1301020
24534,Pooler Elementary School,1301020
24535,Low Elementary School,1301020
24536,Isle of Hope School,1301020
24537,Groves High School,1301020
24538,Windsor Forest High School,1301020
24539,Garden City Elementary School,1301020
24540,Coastal Middle School,1301020
24541,Marshpoint Elementary School,1301020
24542,East Broad Street School,1301020
24543,Esther F. Garrison School for the Arts,1301020
24544,West Chatham Middle School,1301020
24545,Southwest Middle School,1301020
24546,Savannah Arts Academy,1301020
24547,West Chatham Elementary School,1301020
24548,Southwest Elementary School,1301020
24549,Oglethorpe Charter School,1301020
24550,UHS of Savannah Coastal Harbor Treatment Center,1301020
24551,Coastal Empire Montessori Charter School,1301020
24552,The School of Liberal Studies at Savannah High,1301020
24553,Godley Station School,1301020
24554,Shuman Elementary School,1301020
24555,Islands High School,1301020
24556,Woodville-Tompkins Technical and Career High School,1301020
24557,New Hampstead High School,1301020
24558,Tybee Island Maritime Academy School,1301020
24559,Savannah Classical Academy Charter School,1301020
24560,Rice Creek School,1301020
24561,Savannah Early College High School,1301020
24562,Savannah Classical Academy Charter High School,1301020
24563,School of Humanities at Juliette Gordon Low,1301020
24564,Susie King Taylor Community School,1301020
24565,Chattahoochee County Education Center,1301050
24566,Chattahoochee County Middle School,1301050
24567,Chattahoochee County High School,1301050
24568,Lyerly Elementary School,1301080
24569,Chattooga High School,1301080
24570,Menlo Elementary School,1301080
24571,Summerville Middle School,1301080
24572,Leroy Massey Elementary School,1301080
24573,Chattooga Academy,1301080
24574,Sixes Elementary School,1301110
24575,Etowah High School,1301110
24576,Clayton Elementary School,1301110
24577,Ball Ground Elementary School,1301110
24578,Macedonia Elementary School,1301110
24579,Cherokee High School,1301110
24580,Woodstock Elementary School,1301110
24581,Hickory Flat Elementary School,1301110
24582,Oak Grove Elementary School,1301110
24583,Free Home Elementary School,1301110
24584,Bascomb Elementary School,1301110
24585,Woodstock High School,1301110
24586,Woodstock Middle School,1301110
24587,Arnold Mill Elementary School,1301110
24588,E. T. Booth Middle School,1301110
24589,Johnston Elementary School,1301110
24590,Dean Rusk Middle School,1301110
24591,Teasley Middle School,1301110
24592,Boston Elementary School,1301110
24593,R. M. Moore Elementary School,1301110
24594,Mountain Road Elementary School,1301110
24595,Sequoyah High School,1301110
24596,Carmel Elementary School,1301110
24597,Holly Springs Elementary School,1301110
24598,Liberty Elementary School,1301110
24599,Creekview High School,1301110
24600,Avery Elementary School,1301110
24601,Freedom Middle School,1301110
24602,Creekland Middle School,1301110
24603,William G. Hasty- Sr. Elementary School,1301110
24604,J. Knox Elementary,1301110
24605,Little River Elem.,1301110
24606,Canton Elementary,1301110
24607,Mill Creek Middle School,1301110
24608,River Ridge High School,1301110
24609,Indian Knoll Elementary,1301110
24610,Clark Creek Elementary School,1301110
24611,Chickamauga Elementary School,1301140
24612,Gordon Lee Middle School,1301140
24613,Gordon Lee High School,1301140
24614,Clarke Middle School,1301170
24615,Timothy Elementary School,1301170
24616,Winterville Elementary School,1301170
24617,Barnett Shoals Elementary School,1301170
24618,Whitehead Road Elementary School,1301170
24619,Clarke Central High School,1301170
24620,Hilsman Middle School,1301170
24621,Chase Street Elementary School,1301170
24622,Alps Road Elementary School,1301170
24623,Cedar Shoals High School,1301170
24624,Oglethorpe Avenue Elementary School,1301170
24625,Gaines Elementary School,1301170
24626,Burney-Harris-Lyons Middle School,1301170
24627,Fowler Drive Elementary School,1301170
24628,Barrow Elementary School,1301170
24629,Coile Middle School,1301170
24630,Cleveland Road Elementary School,1301170
24631,Howard B. Stroud Elementary School,1301170
24632,Whit Davis Road Elementary School,1301170
24633,Classic City High School,1301170
24634,Judia Jackson Harris Elementary,1301170
24635,H.T. Edwards Learning Center Facility,1301170
24636,Clay County Middle School,1301200
24637,Clay County Elementary,1301200
24638,Clay County Academies,1301200
24639,Mount Zion Elementary School,1301230
24640,Brown Elementary School,1301230
24641,Mundys Mill Middle School,1301230
24642,Kilpatrick Elementary School,1301230
24643,Jonesboro Middle School,1301230
24644,Forest Park Middle School,1301230
24645,North Clayton High School,1301230
24646,Arnold Elementary School,1301230
24647,Tara Elementary School,1301230
24648,Northcutt Elementary School,1301230
24649,Lee Street Elementary School,1301230
24650,Jonesboro High School,1301230
24651,Forest Park High School,1301230
24652,East Clayton Elementary School,1301230
24653,Anderson Elementary School,1301230
24654,Riverdale High School,1301230
24655,Pointe South Middle School,1301230
24656,Oliver Elementary School,1301230
24657,Adamson Middle School,1301230
24658,Swint Elementary School,1301230
24659,William M. McGarrah Elementary School,1301230
24660,Huie Elementary School,1301230
24661,Edmonds Elementary School,1301230
24662,Suder Elementary School,1301230
24663,Morrow High School,1301230
24664,Lake City Elementary School,1301230
24665,Church Street Elementary School,1301230
24666,Riverdale Middle School,1301230
24667,Morrow Middle School,1301230
24668,Haynie Elementary School,1301230
24669,North Clayton Middle School,1301230
24670,Babb Middle School,1301230
24671,Fountain Elementary School,1301230
24672,West Clayton Elementary School,1301230
24673,Riverdale Elementary School,1301230
24674,Morrow Elementary School,1301230
24675,River's Edge Elementary School,1301230
24676,Lake Ridge Elementary School,1301230
24677,Pointe South Elementary School,1301230
24678,Kemp Elem School,1301230
24679,Kendrick Middle School,1301230
24680,Lovejoy High School,1301230
24681,Mount Zion High School,1301230
24682,Lovejoy Middle School,1301230
24683,Hawthorne Elementary School,1301230
24684,M. D. Roberts Middle School,1301230
24685,Roberta T. Smith Elementary School,1301230
24686,Callaway Elementary School,1301230
24687,Mundy's Mill High School,1301230
24688,Harper Elementary School,1301230
24689,Martin Luther King- Jr. Elementary School,1301230
24690,James Jackson Elementary School,1301230
24691,Thurgood Marshall Elementary School,1301230
24692,Sequoyah Middle School,1301230
24693,Kemp Primary,1301230
24694,Rex Mill Middle School,1301230
24695,Unidos Dual Language School,1301230
24696,Mount Zion Primary,1301230
24697,Charles R. Drew High School,1301230
24698,Elite Scholars Academy School,1301230
24699,Eddie White Academy,1301230
24700,Martha Ellen Stilwell School for the Performing Arts,1301230
24701,Perry Career Academy - Eula Wilburn Ponds Perry Center for,1301230
24702,Clinch County High School,1301260
24703,Clinch County Middle School,1301260
24704,Clinch County Elementary School,1301260
24705,Hayes Elementary School,1301290
24706,Smitha Middle School,1301290
24707,Hightower Trail Middle School,1301290
24708,Mount Bethel Elementary School,1301290
24709,Dodgen Middle School,1301290
24710,Kincaid Elementary School,1301290
24711,Still Elementary School,1301290
24712,Pine Mountain Middle School,1301290
24713,Mabry Middle School,1301290
24714,Walton High School,1301290
24715,Birney Elementary School,1301290
24716,Clay Elementary School,1301290
24717,Hendricks Elementary School,1301290
24718,Griffin Middle School,1301290
24719,Riverside Intermediate School,1301290
24720,Osborne High School,1301290
24721,King Springs Elementary School,1301290
24722,North Cobb High School,1301290
24723,Clarkdale Elementary School,1301290
24724,Big Shanty Elementary School,1301290
24725,Argyle Elementary School,1301290
24726,Wheeler High School,1301290
24727,Powers Ferry Elementary School,1301290
24728,Norton Park Elementary School,1301290
24729,McEachern High School,1301290
24730,Garrett Middle School,1301290
24731,East Side Elementary School,1301290
24732,East Cobb Middle School,1301290
24733,Campbell High School,1301290
24734,Belmont Hills Elementary School,1301290
24735,Acworth Intermediate School,1301290
24736,Sope Creek Elementary School,1301290
24737,Tapp Middle School,1301290
24738,Rocky Mount Elementary School,1301290
24739,Murdock Elementary School,1301290
24740,Sprayberry High School,1301290
24741,Eastvalley Elementary School,1301290
24742,Sedalia Park Elementary School,1301290
24743,Mableton Elementary School,1301290
24744,Kennesaw Elementary School,1301290
24745,Floyd Middle School,1301290
24746,Due West Elementary School,1301290
24747,Brumby Elementary School,1301290
24748,Bells Ferry Elementary School,1301290
24749,Hollydale Elementary School,1301290
24750,Teasley Elementary School,1301290
24751,Pebblebrook High School,1301290
24752,Mountain View Elementary School,1301290
24753,Lindley Middle School,1301290
24754,Daniell Middle School,1301290
24755,Awtrey Middle School,1301290
24756,Compton Elementary School,1301290
24757,Russell Elementary School,1301290
24758,LaBelle Elementary School,1301290
24759,Harmony-Leland Elementary School,1301290
24760,Fair Oaks Elementary School,1301290
24761,South Cobb High School,1301290
24762,Vaughan Elementary School,1301290
24763,Frey Elementary School,1301290
24764,Green Acres Elementary School,1301290
24765,Dickerson Middle School,1301290
24766,Lassiter High School,1301290
24767,Tritt Elementary School,1301290
24768,McCleskey Middle School,1301290
24769,Garrison Mill Elementary School,1301290
24770,Keheley Elementary School,1301290
24771,Lewis Elementary School,1301290
24772,Milford Elementary School,1301290
24773,Pope High School,1301290
24774,Davis Elementary School,1301290
24775,Baker Elementary School,1301290
24776,Addison Elementary School,1301290
24777,Simpson Middle School,1301290
24778,Powder Springs Elementary School,1301290
24779,Chalker Elementary School,1301290
24780,Dowell Elementary School,1301290
24781,Campbell Middle School,1301290
24782,Varner Elementary School,1301290
24783,Shallowford Falls Elementary School,1301290
24784,Nicholson Elementary School,1301290
24785,Timber Ridge Elementary School,1301290
24786,Cheatham Hill Elementary School,1301290
24787,Sanders Elementary School,1301290
24788,Harrison High School,1301290
24789,Ford Elementary School,1301290
24790,Bryant Elementary School,1301290
24791,Nickajack Elementary School,1301290
24792,Durham Middle School,1301290
24793,Blackwell Elementary School,1301290
24794,Lost Mountain Middle School,1301290
24795,Kennesaw Mountain High School,1301290
24796,Cooper Middle School,1301290
24797,Palmer Middle School,1301290
24798,Kell High School,1301290
24799,Kemp Elementary School,1301290
24800,Bullard Elementary School,1301290
24801,Pitner Elementary School,1301290
24802,Kennesaw Charter School,1301290
24803,McCall Primary School,1301290
24804,Austell Elementary School,1301290
24805,Riverside Primary School,1301290
24806,Barber Middle School,1301290
24807,Z - International Academy of Smyrna,1301290
24808,Lovinggood Middle School,1301290
24809,McClure Middle School,1301290
24810,Hillgrove High School,1301290
24811,Devereux Ackerman Academy,1301290
24812,Pickett's Mill Elementary,1301290
24813,Allatoona High School,1301290
24814,Lindley 6th Grade Academy,1301290
24815,Smyrna Elementary School,1301290
24816,Broxton-Mary Hayes Elementary,1301350
24817,Nicholls Elementary School,1301350
24818,Ambrose Elementary School,1301350
24819,Westside Elementary School,1301350
24820,Coffee County High School,1301350
24821,West Green Elementary School,1301350
24822,Eastside Elementary School,1301350
24823,Satilla Elementary School,1301350
24824,Indian Creek Elementary,1301350
24825,Coffee Middle School,1301350
24826,George Washington Carver Freshman Campus,1301350
24827,Wiregrass Regional College and Career Academy,1301350
24828,Norman Park Elementary School,1301380
24829,Doerun Elementary School,1301380
24830,Okapilco Elementary School,1301380
24831,Wright Elementary School,1301380
24832,CA Gray Junior High School,1301380
24833,Stringfellow Elementary School,1301380
24834,Funston Elementary School,1301380
24835,Colquitt County High School,1301380
24836,Sunset Elementary School,1301380
24837,Willie J. Williams Middle School,1301380
24838,Hamilton Elementary School,1301380
24839,Cox Elementary School,1301380
24840,Odom Elementary School,1301380
24841,Colquitt County Achievement Center,1301380
24842,Riverside Middle School,1301410
24843,Riverside Elementary School,1301410
24844,Westmont Elementary School,1301410
24845,Evans Middle School,1301410
24846,North Harlem Elementary School,1301410
24847,Evans High School,1301410
24848,North Columbia Elementary School,1301410
24849,Martinez Elementary School,1301410
24850,Columbia Middle School,1301410
24851,South Columbia Elementary School,1301410
24852,Grovetown Elementary School,1301410
24853,Greenbrier High School,1301410
24854,Greenbrier Elementary School,1301410
24855,Euchee Creek Elementary School,1301410
24856,Harlem High School,1301410
24857,Harlem Middle School,1301410
24858,Evans Elementary School,1301410
24859,Blue Ridge Elementary School,1301410
24860,Lakeside High School,1301410
24861,Brookwood Elementary School,1301410
24862,Lakeside Middle School,1301410
24863,Stevens Creek Elementary School,1301410
24864,Greenbrier Middle School,1301410
24865,Grovetown Middle School,1301410
24866,Lewiston Elementary School,1301410
24867,River Ridge Elementary,1301410
24868,Cedar Ridge Elementary School,1301410
24869,Stallings Island Middle School,1301410
24870,Grovetown High School,1301410
24871,Baker Place Elementary,1301410
24872,Parkway Elementary School,1301410
24873,Commerce Elementary School,1301440
24874,Commerce High School,1301440
24875,Commerce Middle School,1301440
24876,Commerce Primary,1301440
24877,Cook County Middle School,1301470
24878,Cook Primary School,1301470
24879,Cook Elementary School,1301470
24880,Cook High School,1301470
24881,Canongate Elementary School,1301500
24882,Eastside Elementary School,1301500
24883,Atkinson Elementary School,1301500
24884,Evans Middle School,1301500
24885,Ruth Hill Elementary School,1301500
24886,Arnco-Sargent Elementary School,1301500
24887,Newnan High School,1301500
24888,Western Elementary School,1301500
24889,Moreland Elementary School,1301500
24890,Northside Elementary School,1301500
24891,Elm Street Elementary School,1301500
24892,Jefferson Parkway Elementary School,1301500
24893,Thomas Crossroads Elementary School,1301500
24894,Arnall Middle School,1301500
24895,Northgate High School,1301500
24896,White Oak Elementary School,1301500
24897,East Coweta Middle School,1301500
24898,East Coweta High School,1301500
24899,Newnan Crossing Elementary School,1301500
24900,Poplar Road Elementary School,1301500
24901,Madras Middle School,1301500
24902,Arbor Springs Elementary,1301500
24903,Smokey Road Middle School,1301500
24904,Willis Road Elementary,1301500
24905,Lee Middle School,1301500
24906,Glanton Elementary,1301500
24907,Welch Elementary School,1301500
24908,Brooks Elementary,1301500
24909,Crawford County High School,1301530
24910,Crawford County Elementary School,1301530
24911,Crawford County Middle School,1301530
24912,Crisp County High School,1301560
24913,Crisp County Elementary School,1301560
24914,Crisp County Pre-K,1301560
24915,Crisp County Middle School,1301560
24916,Crisp County Primary School,1301560
24917,Dade County High School,1301590
24918,Dade Middle School,1301590
24919,Davis Elementary School,1301590
24920,Dade Elementary School,1301590
24921,Roan Elementary School,1301620
24922,Brookwood Elementary School,1301620
24923,Dalton High School,1301620
24924,Westwood Elementary School,1301620
24925,Park Creek Elementary School,1301620
24926,Dalton Middle School,1301620
24927,City Park Elementary School,1301620
24928,Blue Ridge Elementary School,1301620
24929,Morris Innovative High School,1301620
24930,Dawson County Middle School,1301650
24931,Robinson Elementary School,1301650
24932,Dawson County High School,1301650
24933,Black's Mill Elementary School,1301650
24934,Kilough Elementary School,1301650
24935,Dawson County Junior High,1301650
24936,Riverview Elementary School,1301650
24937,Fifth Avenue Elementary,1301680
24938,Renfroe Middle School,1301680
24939,Clairemont Elementary School,1301680
24940,Winnona Park Elementary School,1301680
24941,Decatur High School,1301680
24942,Oakhurst Elementary School,1301680
24943,New Glennwood Elementary,1301680
24944,Westchester Elementary School,1301680
24945,Bainbridge High School,1301710
24946,Hutto Middle School,1301710
24947,Bainbridge Middle School,1301710
24948,Elcan-King Elementary School,1301710
24949,West Bainbridge Elementary School,1301710
24950,Jones-Wheat Elementary School,1301710
24951,John Johnson Elementary School,1301710
24952,Potter Street Elementary School,1301710
24953,New Beginning Learning Center,1301710
24954,Chapel Hill Middle School,1301740
24955,Shadow Rock Elementary School,1301740
24956,Salem Middle School,1301740
24957,Coralwood Education Center,1301740
24958,Redan High School,1301740
24959,Austin Elementary School,1301740
24960,Vanderlyn Elementary School,1301740
24961,Cedar Grove High School,1301740
24962,Bob Mathis Elementary School,1301740
24963,Fairington Elementary School,1301740
24964,Stone Mountain High School,1301740
24965,Cedar Grove Elementary School,1301740
24966,Rockbridge Elementary School,1301740
24967,McNair Middle School,1301740
24968,Evansdale Elementary School,1301740
24969,Dresden Elementary School,1301740
24970,Columbia Elementary School,1301740
24971,Chapel Hill Elementary School,1301740
24972,Brockett Elementary School,1301740
24973,DeKalb Elementary School of the Arts,1301740
24974,Woodridge Elementary School,1301740
24975,Stone Mill Elementary School,1301740
24976,Fernbank Elementary School,1301740
24977,Druid Hills High School,1301740
24978,Columbia High School,1301740
24979,Allgood Elementary School,1301740
24980,Woodward Elementary School,1301740
24981,Tucker High School,1301740
24982,Sequoyah Middle School,1301740
24983,Livsey Elementary School,1301740
24984,Idlewood Elementary School,1301740
24985,Southwest DeKalb High School,1301740
24986,Sagamore Hills Elementary School,1301740
24987,Redan Elementary School,1301740
24988,Montgomery Elementary School,1301740
24989,Kingsley Elementary School,1301740
24990,Towers High School,1301740
24991,Huntley Hills Elementary School,1301740
24992,Hawthorne Elementary School,1301740
24993,Dunwoody High School,1301740
24994,Chamblee Charter High School,1301740
24995,Avondale Elementary School,1301740
24996,Stoneview Elementary School,1301740
24997,Snapfinger Elementary School,1301740
24998,Rowland Elementary School,1301740
24999,Rainbow Elementary School,1301740
25000,Laurel Ridge Elementary School,1301740
25001,Oakcliff Elementary School,1301740
25002,Montclair Elementary School,1301740
25003,Kelley Lake Elementary School,1301740
25004,Hightower Elementary School,1301740
25005,Cross Keys High School,1301740
25006,Clarkston High School,1301740
25007,Murphy Candler Elementary School,1301740
25008,Briar Vista Elementary School,1301740
25009,McNair High School,1301740
25010,Toney Elementary School,1301740
25011,Oak Grove Elementary School,1301740
25012,Smoke Rise Elementary School,1301740
25013,Rock Chapel Elementary School,1301740
25014,Pleasantdale Elementary School,1301740
25015,Lakeside High School,1301740
25016,Jolly Elementary School,1301740
25017,Hambrick Elementary School,1301740
25018,Chesnut Elementary School,1301740
25019,Flat Shoals Elementary School,1301740
25020,Dunaire Elementary School,1301740
25021,Canby Lane Elementary School,1301740
25022,Briarlake Elementary School,1301740
25023,Ashford Park Elementary School,1301740
25024,Stone Mountain Elementary School,1301740
25025,Cary Reynolds Elementary School,1301740
25026,Midvale Elementary School,1301740
25027,McLendon Elementary School,1301740
25028,Indian Creek Elementary School,1301740
25029,Henderson Mill Elementary School,1301740
25030,Marbut Elementary School,1301740
25031,Edward L. Bouie- Sr. Elementary School,1301740
25032,Stephenson Middle School,1301740
25033,Stephenson High School,1301740
25034,Miller Grove Middle School,1301740
25035,Henderson Middle School,1301740
25036,Druid Hills Middle School,1301740
25037,Eldridge L. Miller Elementary School,1301740
25038,Panola Way Elementary School,1301740
25039,Kittredge Magnet School,1301740
25040,Peachtree Middle School,1301740
25041,Pine Ridge Elementary School,1301740
25042,Browns Mill Elementary School,1301740
25043,Robert Shaw Theme School,1301740
25044,Narvie Harris Elementary School,1301740
25045,Cedar Grove Middle School,1301740
25046,DeKalb Alternative School,1301740
25047,Freedom Middle School,1301740
25048,Wynbrooke Elementary School,1301740
25049,Martin Luther King- Jr. High School,1301740
25050,Columbia Middle School,1301740
25051,Mary McLeod Bethune Middle School,1301740
25052,Lithonia High School,1301740
25053,International Community School,1301740
25054,East DeKalb Special Education Center,1301740
25055,Lithonia Middle School,1301740
25056,Redan Middle School,1301740
25057,Miller Grove High School,1301740
25058,Oakview Elementary,1301740
25059,Chamblee Middle School,1301740
25060,Stone Mountain Middle School,1301740
25061,Tucker Middle School,1301740
25062,DeKalb PATH Academy Charter School,1301740
25063,International Student Center,1301740
25064,UHS of Laurel Heights,1301740
25065,Flat Rock Elementary School,1301740
25066,The Champion Middle Theme School,1301740
25067,Princeton Elementary School,1301740
25068,Dekalb Early College Academy,1301740
25069,Wadsworth Magnet School for High Achievers,1301740
25070,Ronald E McNair Discover Learning Academy Elementary School,1301740
25071,Margaret Harris Comprehensive School,1301740
25072,DeKalb School of the Arts,1301740
25073,Dunwoody Elementary School,1301740
25074,Arabia Mountain High School - Academy of Engineering- Medic,1301740
25075,Elizabeth Andrews High School,1301740
25076,DeKalb Academy of Technology and the Environment Charter Sc,1301740
25077,Leadership Preparatory Academy,1301740
25078,Destiny Achievers Academy of Excellence,1301740
25079,Museum School Avondale Estates,1301740
25080,DeKalb Preparatory Academy Charter,1301740
25081,GLOBE Academy Charter School I,1301740
25082,Tapestry Public Charter School,1301740
25083,Peachcrest Elementary School,1301740
25084,Barack H. Obama Elementary Magnet School of Technology,1301740
25085,John Robert Lewis Elementary School,1301740
25086,Dodge County Middle School,1301770
25087,South Dodge Elementary School,1301770
25088,North Dodge Elementary School,1301770
25089,Dodge County High School,1301770
25090,DAC (Dodge County Achievement Center),1301770
25091,Dooly County High School,1301800
25092,Dooly County Middle School,1301800
25093,Dooly County Elementary School,1301800
25094,Dooly County Prep Academy,1301800
25095,Albany High School,1301830
25096,Monroe High School,1301830
25097,Morningside Elementary School,1301830
25098,Dougherty Comprehensive High School,1301830
25099,Albany Middle School,1301830
25100,West Town Elementary School,1301830
25101,Southside Middle School,1301830
25102,Radium Springs Elementary School,1301830
25103,International Studies Elementary Charter School,1301830
25104,Westover High School,1301830
25105,Sherwood Acres Elementary School,1301830
25106,Merry Acres Middle School,1301830
25107,Lake Park Elementary School,1301830
25108,Turner Elementary School,1301830
25109,Northside Elementary School,1301830
25110,Lamar Reese School of the Arts,1301830
25111,Alice Coachman Elementary School,1301830
25112,Martin Luther King- Jr. Elementary School,1301830
25113,Robert A. Cross Middle Magnet,1301830
25114,Live Oak Elementary School,1301830
25115,Robert H Harvey Elementary School,1301830
25116,Radium Springs Middle School,1301830
25117,Lincoln Elementary Magnet School,1301830
25118,South Douglas Elementary School,1301860
25119,Fairplay Middle School,1301860
25120,Lithia Springs Comprehensive High School,1301860
25121,Arbor Station Elementary School,1301860
25122,Turner Middle School,1301860
25123,Beulah Elementary School,1301860
25124,Winston Elementary School,1301860
25125,Annette Winn Elementary School,1301860
25126,Stewart Middle School,1301860
25127,Mount Carmel Elementary School,1301860
25128,Douglas County High School,1301860
25129,Chapel Hill Middle School,1301860
25130,Lithia Springs Elementary School,1301860
25131,Dorsett Shoals Elementary School,1301860
25132,Alexander High School,1301860
25133,Chestnut Log Middle School,1301860
25134,Factory Shoals Elementary School,1301860
25135,Bright Star Elementary School,1301860
25136,Sweetwater Elementary School,1301860
25137,Burnett Elementary School,1301860
25138,Eastside Elementary School,1301860
25139,Chapel Hill High School,1301860
25140,Holly Springs Elementary,1301860
25141,Yeager Middle School,1301860
25142,New Manchester Elementary School,1301860
25143,Mirror Lake Elementary School,1301860
25144,North Douglas Elementary School,1301860
25145,Bill Arp Elementary School,1301860
25146,Factory Shoals Middle School,1301860
25147,Chapel Hill Elementary School,1301860
25148,Brighten Academy,1301860
25149,Youth Villages at Inner Harbour,1301860
25150,Mason Creek Middle School,1301860
25151,Mason Creek Elementary School,1301860
25152,New Manchester High School,1301860
25153,Dublin Middle School,1301870
25154,Dublin High School,1301870
25155,Susie Dasher,1301870
25156,Moore Street Facility,1301870
25157,Hillcrest Elementary,1301870
25158,Northwest Laurens Elementary,1301890
25159,West Laurens Middle School,1301890
25160,Southwest Laurens Elementary,1301890
25161,East Laurens Elementary School,1301890
25162,East Laurens High School,1301890
25163,East Laurens Middle School,1301890
25164,East Laurens Primary School,1301890
25165,West Laurens High School,1301890
25166,Early County Elementary School,1301920
25167,Early County High School,1301920
25168,Early County Middle School,1301920
25169,Echols County High School,1301950
25170,Echols County Elementary/Middle School,1301950
25171,Marlow Elementary School,1301980
25172,Effingham County Middle School,1301980
25173,Guyton Elementary School,1301980
25174,Effingham County High School,1301980
25175,Springfield Elementary School,1301980
25176,Rincon Elementary School,1301980
25177,Sand Hill Elementary School,1301980
25178,Ebenezer Elementary School,1301980
25179,South Effingham High School,1301980
25180,South Effingham Middle School,1301980
25181,South Effingham Elementary School,1301980
25182,Ebenezer Middle School,1301980
25183,Blandford Elementary School,1301980
25184,Elbert County High School,1302010
25185,Elbert County Middle School,1302010
25186,Paul J. Blackwell Learning Center,1302010
25187,Elbert County Elementary School,1302010
25188,Elbert County Primary School,1302010
25189,Emanuel County Institute,1302040
25190,Swainsboro Primary School,1302040
25191,Twin City Elementary School,1302040
25192,Swainsboro High School,1302040
25193,Swainsboro Middle School,1302040
25194,Swainsboro Elementary School,1302040
25195,Claxton High School,1302070
25196,Claxton Middle School,1302070
25197,Claxton Elementary School,1302070
25198,Second Chance,1302070
25199,Fannin County Middle School,1302100
25200,West Fannin Elementary School,1302100
25201,East Fannin Elementary School,1302100
25202,Fannin County High School,1302100
25203,Blue Ridge Elementary School,1302100
25204,Huddleston Elementary School,1302130
25205,Peachtree City Elementary School,1302130
25206,Booth Middle School,1302130
25207,Kedron Elementary School,1302130
25208,Spring Hill Elementary School,1302130
25209,McIntosh High School,1302130
25210,North Fayette Elementary School,1302130
25211,Oak Grove Elementary School,1302130
25212,Braelinn Elementary School,1302130
25213,Robert J. Burch Elementary School,1302130
25214,Whitewater Middle School,1302130
25215,Flat Rock Middle School,1302130
25216,Starrs Mill High School,1302130
25217,Rising Starr Middle School,1302130
25218,Sandy Creek High School,1302130
25219,Fayette County High School,1302130
25220,Peeples Elementary School,1302130
25221,Fayetteville Elementary School,1302130
25222,Cleveland Elementary School,1302130
25223,Sara Harp Minter Elementary School,1302130
25224,Crabapple Lane Elementary School,1302130
25225,Whitewater High School,1302130
25226,Bennett's Mill Middle School,1302130
25227,Inman Elementary,1302130
25228,Armuchee Elementary School,1302190
25229,McHenry Primary,1302190
25230,Pepperell Middle School,1302190
25231,Coosa High School,1302190
25232,Pepperell Primary,1302190
25233,Johnson Elementary,1302190
25234,Coosa Middle School,1302190
25235,Glenwood Primary School,1302190
25236,Cave Spring Elementary School,1302190
25237,Model Elementary School,1302190
25238,Garden Lakes Elementary School,1302190
25239,Alto Park Elementary School,1302190
25240,Pepperell Elementary,1302190
25241,Model Middle School,1302190
25242,Model High,1302190
25243,Armuchee Middle School,1302190
25244,Armuchee High School,1302190
25245,Pepperell High School,1302190
25246,Chattahoochee Elementary School,1302220
25247,North Forsyth High School,1302220
25248,Otwell Middle School,1302220
25249,Midway Elementary School,1302220
25250,Big Creek Elementary School,1302220
25251,Mashburn Elementary School,1302220
25252,Forsyth Central High School,1302220
25253,Cumming Elementary School,1302220
25254,Daves Creek Elementary School,1302220
25255,Coal Mountain Elementary School,1302220
25256,South Forsyth High School,1302220
25257,Vickery Creek Elementary School,1302220
25258,Sawnee Elementary School,1302220
25259,North Forsyth Middle School,1302220
25260,Vickery Creek Middle School,1302220
25261,South Forsyth Middle School,1302220
25262,Settles Bridge Elementary School,1302220
25263,Matt Elementary School,1302220
25264,Liberty Middle School,1302220
25265,Sharon Elementary School,1302220
25266,Chestatee Elementary,1302220
25267,Riverwatch Middle School,1302220
25268,Shiloh Point Elementary,1302220
25269,West Forsyth High School,1302220
25270,Little Mill Middle School,1302220
25271,Silver City Elementary School,1302220
25272,Piney Grove Middle School,1302220
25273,Johns Creek Elementary,1302220
25274,Haw Creek Elementary,1302220
25275,George W. Whitlow Elementary,1302220
25276,Lakeside Middle School,1302220
25277,Brookwood Elementary,1302220
25278,Lambert High School,1302220
25279,Forsyth Virtual Academy,1302220
25280,Kelly Mill Elementary,1302220
25281,DeSana Middle School,1302220
25282,Brandywine Elementary School,1302220
25283,Franklin County High School,1302250
25284,Carnesville Elementary Primary School,1302250
25285,Royston Elementary School,1302250
25286,Lavonia Elementary School,1302250
25287,Franklin County Middle School,1302250
25288,Carnesville Elementary Intermediate School,1302250
25289,Crabapple Crossing Elementary School,1302280
25290,Conley Hills Elementary School,1302280
25291,New Prospect Elementary School,1302280
25292,Findley Oaks Elementary School,1302280
25293,Dolvin Elementary School,1302280
25294,Banneker High School,1302280
25295,Jackson Elementary School,1302280
25296,Gullatt Elementary School,1302280
25297,Nolan Elementary School,1302280
25298,S. L. Lewis Elementary School,1302280
25299,Alpharetta Elementary School,1302280
25300,Sandy Springs Middle School,1302280
25301,Mountain Park Elementary School,1302280
25302,Roswell North Elementary School,1302280
25303,Randolph Elementary School,1302280
25304,Riverwood International Charter School,1302280
25305,Parklane Elementary School,1302280
25306,Lee Elementary School,1302280
25307,Brookview Elementary School,1302280
25308,Campbell Elementary School,1302280
25309,Milton High School,1302280
25310,Bethune Elementary School,1302280
25311,Palmetto Elementary School,1302280
25312,Woodland Elementary School,1302280
25313,North Springs High School,1302280
25314,Mimosa Elementary School,1302280
25315,High Point Elementary School,1302280
25316,Westlake High School,1302280
25317,Spalding Drive Elementary,1302280
25318,Asa Hilliard Elementary School,1302280
25319,E. C. West Elementary School,1302280
25320,Northwood Elementary School,1302280
25321,State Bridge Crossing Elementary School,1302280
25322,River Eves Elementary School,1302280
25323,Webb Bridge Middle School,1302280
25324,Northwestern Middle School,1302280
25325,Crabapple Middle School,1302280
25326,Haynes Bridge Middle School,1302280
25327,Holcomb Bridge Middle School,1302280
25328,Camp Creek Middle School,1302280
25329,Ridgeview Charter School,1302280
25330,Independence High School,1302280
25331,Barnwell Elementary School,1302280
25332,Heards Ferry Elementary School,1302280
25333,McNair Middle School,1302280
25334,Woodland Middle School,1302280
25335,McClarin High School,1302280
25336,Lake Windward Elementary School,1302280
25337,Roswell High School,1302280
25338,Creekside High School,1302280
25339,Bear Creek Middle School,1302280
25340,Medlock Bridge Elementary School,1302280
25341,Taylor Road Middle School,1302280
25342,Tri-Cities High School,1302280
25343,Hapeville Elementary School,1302280
25344,Chattahoochee High School,1302280
25345,Centennial High School,1302280
25346,Sweet Apple Elementary School,1302280
25347,Shakerag Elementary School,1302280
25348,Stonewall Tell Elementary School,1302280
25349,Manning Oaks Elementary School,1302280
25350,Summit Hill Elementary,1302280
25351,Abbotts Hill Elementary School,1302280
25352,Heritage Elementary School,1302280
25353,Dunwoody Springs Elementary School,1302280
25354,Ocee Elementary School,1302280
25355,Creek View Elementary School,1302280
25356,Hembree Springs Elementary School,1302280
25357,Hillside Elementary School,1302280
25358,Elkins Pointe Middle School,1302280
25359,River Trail Middle School,1302280
25360,Northview High School,1302280
25361,Liberty Point Elementary School,1302280
25362,Paul D. West Middle School,1302280
25363,KIPP South Fulton Academy School,1302280
25364,Autrey Mill Middle School,1302280
25365,Hamilton E. Holmes Elementary,1302280
25366,Hopewell Middle School,1302280
25367,Renaissance ES,1302280
25368,Alpharetta High School,1302280
25369,Cogburn Woods Elementary School,1302280
25370,Wilson Creek Elementary School,1302280
25371,Sandtown Middle School,1302280
25372,Hapeville Charter Middle School,1302280
25373,Amana Academy School,1302280
25374,Oakley Elementary School,1302280
25375,Renaissance Middle School,1302280
25376,Georgia Baptist Children's Home and Family Ministries,1302280
25377,Lake Forest Elementary,1302280
25378,Ison Springs Elementary School,1302280
25379,Birmingham Falls Elementary School,1302280
25380,Langston Hughes High School,1302280
25381,Johns Creek High School,1302280
25382,Cliftondale Elementary School,1302280
25383,Main Street Charter Academy,1302280
25384,Feldwood Elementary School,1302280
25385,Hapeville Charter Career Academy,1302280
25386,Cambridge High School,1302280
25387,Chattahoochee Hills Charter School,1302280
25388,Latin College Prep,1302280
25389,College Park Elementary,1302280
25390,Latin Grammar School,1302280
25391,Skyview High School,1302280
25392,Vickery Mill Elementary,1302280
25393,Wolf Creek Elementary,1302280
25394,Fulton Academy of Science and Technology,1302280
25395,Wellspring Living,1302280
25396,Centennial Arts Academy,1302310
25397,Enota Multiple Intelligences Academy,1302310
25398,Fair Street International Baccalaureate World School,1302310
25399,Gainesville High School,1302310
25400,New Holland Core Knowledge Academy,1302310
25401,Gainesville Exploration Academy,1302310
25402,Gainesville Middle School,1302310
25403,Mundy Mill Academy,1302310
25404,Gilmer High School,1302340
25405,Ellijay Elementary School,1302340
25406,Gilmer Middle school,1302340
25407,Mountain View Elementary,1302340
25408,Clear Creek Middle School,1302340
25409,Ellijay Primary School,1302340
25410,Glascock County Consolidated School,1302370
25411,Oglethorpe Point Elementary School,1302400
25412,Glyndale Elementary School,1302400
25413,Jane Macon Middle,1302400
25414,St. Simons Elementary School,1302400
25415,Altama Elementary School,1302400
25416,Goodyear Elementary School,1302400
25417,Glynn Middle,1302400
25418,Glynn Academy,1302400
25419,Burroughs-Molette Elementary School,1302400
25420,Brunswick High School,1302400
25421,Golden Isles Elementary School,1302400
25422,Satilla Marsh Elementary School,1302400
25423,Greer Elementary School,1302400
25424,Needwood Middle School,1302400
25425,Sterling Elementary School,1302400
25426,Morningstar Treatment Services- Inc. Youth Estate,1302400
25427,Risley Middle School,1302400
25428,Fairmount Elementary School,1302430
25429,Belwood Elementary School,1302430
25430,Swain Elementary School,1302430
25431,Tolbert Elementary School,1302430
25432,Gordon Central High School,1302430
25433,Red Bud Elementary School,1302430
25434,Sonoraville Middle School,1302430
25435,Ashworth Middle School,1302430
25436,Sonoraville High School,1302430
25437,Sonoraville Elementary,1302430
25438,Red Bud Middle School,1302430
25439,Shiver Elementary School,1302460
25440,Southside Elementary School,1302460
25441,Northside Elementary School,1302460
25442,Whigham Elementary School,1302460
25443,Cairo High School,1302460
25444,Washington Middle School,1302460
25445,Eastside Elementary School,1302460
25446,Anita White Carson Middle School,1302490
25447,Union Point Elementary,1302490
25448,Greensboro Elementary,1302490
25449,Greene County High School,1302490
25450,LAKE OCONEE CHARTER,1302490
25451,Jordan Hill Road Elementary School,1302520
25452,Moore Elementary School,1302520
25453,Griffin High School,1302520
25454,Orrs Elementary School,1302520
25455,Jackson Road Elementary School,1302520
25456,Anne Street Elementary School,1302520
25457,Crescent Road Elementary School,1302520
25458,Beaverbrook Elementary School,1302520
25459,Atkinson Elementary School,1302520
25460,Cowan Road Elementary School,1302520
25461,Futral Road Elementary School,1302520
25462,Spalding High School,1302520
25463,Cowan Road Middle School,1302520
25464,Moreland Road Elementary,1302520
25465,Carver Road Middle School,1302520
25466,Kennedy Road Middle School,1302520
25467,AZ Kelsey Academy,1302520
25468,Rehoboth Road Middle School,1302520
25469,Walnut Grove Elementary School,1302550
25470,Craig Elementary School,1302550
25471,Nesbit Elementary School,1302550
25472,Gwinnett InterVention Education (GIVE) Center East,1302550
25473,Simonton Elementary School,1302550
25474,Simpson Elementary School,1302550
25475,Collins Hill High School,1302550
25476,Fort Daniel Elementary School,1302550
25477,Jackson Elementary School,1302550
25478,Kanoheda Elementary School,1302550
25479,Dyer Elementary School,1302550
25480,Rockbridge Elementary School,1302550
25481,Lilburn Middle School,1302550
25482,Knight Elementary School,1302550
25483,Parkview High School,1302550
25484,Trickum Middle School,1302550
25485,Centerville Elementary School,1302550
25486,Lilburn Elementary School,1302550
25487,Duluth High School,1302550
25488,Suwanee Elementary School,1302550
25489,Peachtree Elementary School,1302550
25490,Lawrenceville Elementary School,1302550
25491,Duluth Middle School,1302550
25492,North Gwinnett High School,1302550
25493,Summerour Middle School,1302550
25494,Norcross Elementary School,1302550
25495,Dacula High School,1302550
25496,Central Gwinnett High School,1302550
25497,Camp Creek Elementary School,1302550
25498,Sugar Hill Elementary School,1302550
25499,Norcross High School,1302550
25500,Harris Elementary School,1302550
25501,Britt Elementary School,1302550
25502,South Gwinnett High School,1302550
25503,Snellville Middle School,1302550
25504,Mountain Park Elementary School,1302550
25505,Harmony Elementary School,1302550
25506,Grayson Elementary School,1302550
25507,Bethesda Elementary School,1302550
25508,Gwin Oaks Elementary School,1302550
25509,Five Forks Middle School,1302550
25510,Sweetwater Middle School,1302550
25511,Harbins Elementary School,1302550
25512,Creekland Middle School,1302550
25513,Hull Middle School,1302550
25514,Magill Elementary School,1302550
25515,McConnell Middle School,1302550
25516,Annistown Elementary School,1302550
25517,Arcado Elementary School,1302550
25518,Beaver Ridge Elementary School,1302550
25519,Berkmar High School,1302550
25520,Brookwood High School,1302550
25521,Dacula Middle School,1302550
25522,Head Elementary School,1302550
25523,Shiloh Middle School,1302550
25524,Berkeley Lake Elementary School,1302550
25525,Shiloh High School,1302550
25526,Hopkins Elementary School,1302550
25527,Pinckneyville Middle School,1302550
25528,Brookwood Elementary School,1302550
25529,Meadowcreek High School,1302550
25530,Norton Elementary School,1302550
25531,Richards Middle School,1302550
25532,Minor Elementary School,1302550
25533,Phoenix High School,1302550
25534,McKendree Elementary School,1302550
25535,Cedar Hill Elementary School,1302550
25536,Chattahoochee Elementary School,1302550
25537,Dacula Elementary School,1302550
25538,Shiloh Elementary School,1302550
25539,Pharr Elementary School,1302550
25540,Crews Middle School,1302550
25541,Mason Elementary School,1302550
25542,Partee Elementary School,1302550
25543,Taylor Elementary School,1302550
25544,Meadowcreek Elementary School,1302550
25545,Rock Springs Elementary School,1302550
25546,Freeman's Mill Elementary School,1302550
25547,Stripling Elementary School,1302550
25548,Riverside Elementary School,1302550
25549,Grayson High School,1302550
25550,Corley Elementary School,1302550
25551,Ivy Creek Elementary School,1302550
25552,Sycamore Elementary School,1302550
25553,Cooper Elementary School,1302550
25554,Parsons Elementary School,1302550
25555,Peachtree Ridge High School,1302550
25556,Alford Elementary,1302550
25557,Duncan Creek Elementary,1302550
25558,Mill Creek High School,1302550
25559,Osborne Middle School,1302550
25560,Mulberry Elementary School,1302550
25561,Lovin Elementary School,1302550
25562,Berkmar Middle School,1302550
25563,Jones Middle School,1302550
25564,Patrick Elementary School,1302550
25565,Alcova Elementary School,1302550
25566,Winn Holt Elementary School,1302550
25567,Level Creek Elementary School,1302550
25568,Radloff Middle School,1302550
25569,Chesney Elementary School,1302550
25570,Gwinnett School of Mathematics- Science and Technology,1302550
25571,Oakland Meadow School,1302550
25572,Gwinnett Intervention Education Center (GIVE) West,1302550
25573,Lanier Middle School,1302550
25574,Rosebud Elementary School,1302550
25575,Trip Elementary School,1302550
25576,Benefield Elementary School,1302550
25577,Puckett's Mill Elementary School,1302550
25578,Starling Elementary School,1302550
25579,Archer High School,1302550
25580,Bay Creek Middle School,1302550
25581,Woodward Mill Elementary School,1302550
25582,Twin Rivers Middle School,1302550
25583,Mountain View High School,1302550
25584,Couch Middle School,1302550
25585,White Oak Elementary School,1302550
25586,North Gwinnett Middle School,1302550
25587,Roberts Elementary School,1302550
25588,Burnette Elementary School,1302550
25589,Ferguson Elementary School,1302550
25590,New Life Academy of Excellence,1302550
25591,Grace Snell Middle School,1302550
25592,Lanier High School,1302550
25593,Anderson-Livsey Elementary School,1302550
25594,Jenkins Elementary School,1302550
25595,Moore Middle School,1302550
25596,Gwinnett Online Campus,1302550
25597,Northbrook Middle School,1302550
25598,North Metro Academy of Performing Arts,1302550
25599,Baggett Elementary School,1302550
25600,Jordan Middle School,1302550
25601,Graves Elementary School,1302550
25602,Discovery High School,1302550
25603,Coleman Middle School,1302550
25604,Baldwin Elementary,1302550
25605,International Transition Center,1302550
25606,Habersham Central High School,1302580
25607,North Habersham Middle School,1302580
25608,Baldwin Elementary School,1302580
25609,Hazel Grove Elementary School,1302580
25610,Fairview Elementary School,1302580
25611,Demorest Elementary School,1302580
25612,Woodville Elementary School,1302580
25613,Cornelia Elementary School,1302580
25614,South Habersham Middle School,1302580
25615,Clarkesville Elementary School,1302580
25616,Level Grove Elementary School,1302580
25617,9th Grade Academy,1302580
25618,Wilbanks Middle School,1302580
25619,Habersham Success Academy,1302580
25620,Mount Vernon Elementary School,1302610
25621,West Hall Middle School,1302610
25622,Wauka Mountain Elementary School,1302610
25623,Myers Elementary School,1302610
25624,Riverbend Elementary School,1302610
25625,Lanier Elementary School,1302610
25626,Oakwood Elementary School,1302610
25627,Flowery Branch Elementary School,1302610
25628,North Hall High School,1302610
25629,East Hall High School,1302610
25630,White Sulphur Elementary School,1302610
25631,Tadmore Elementary School,1302610
25632,McEver Elementary School,1302610
25633,Lyman Hall Elementary School,1302610
25634,Johnson High School,1302610
25635,South Hall Middle School,1302610
25636,Sardis Elementary School,1302610
25637,Lula Elementary School,1302610
25638,Chestnut Mountain Elementary School,1302610
25639,Friendship Elementary School,1302610
25640,West Hall High School,1302610
25641,East Hall Middle School,1302610
25642,North Hall Middle School,1302610
25643,Spout Springs Elementary School,1302610
25644,C. W. Davis Middle School,1302610
25645,Chestatee Middle School,1302610
25646,Martin Elementary School,1302610
25647,Chestatee High School,1302610
25648,Sugar Hill Elementary,1302610
25649,Flowery Branch High,1302610
25650,Lanier Career Academy,1302610
25651,Chicopee Elementary School,1302610
25652,World Language Academy,1302610
25653,Hancock Central High School,1302640
25654,Lewis Elementary School,1302640
25655,Hancock Central Middle School,1302640
25656,Buchanan Elementary School,1302670
25657,Tallapoosa Primary School,1302670
25658,West Haralson Elementary School,1302670
25659,Haralson County High School,1302670
25660,Buchanan Primary School,1302670
25661,Haralson County Middle School,1302670
25662,New Mountain Hill Elementary School,1302700
25663,Park Elementary School,1302700
25664,Pine Ridge Elementary School,1302700
25665,Mulberry Creek Elementary School,1302700
25666,Harris County High School,1302700
25667,Harris County Carver Middle School,1302700
25668,Creekside School,1302700
25669,Hart County High School,1302730
25670,Hartwell Elementary School,1302730
25671,Hart County Middle School,1302730
25672,North Hart Elementary School,1302730
25673,South Hart Elementary School,1302730
25674,Ephesus Elementary School,1302790
25675,Centralhatchee Elementary School,1302790
25676,Heard County High School,1302790
25677,Heard Elementary School,1302790
25678,Heard County Middle School,1302790
25679,Wesley Lakes Elementary School,1302820
25680,Austin Road Elementary School,1302820
25681,Eagle's Landing Middle School,1302820
25682,Fairview Elementary School,1302820
25683,Stockbridge High School,1302820
25684,Henry County Middle School,1302820
25685,Stockbridge Elementary School,1302820
25686,Henry County High School,1302820
25687,Smith-Barnes Elementary School,1302820
25688,Hampton Elementary School,1302820
25689,Stockbridge Middle School,1302820
25690,Locust Grove Elementary School,1302820
25691,Pate's Creek Elementary School,1302820
25692,Pleasant Grove Elementary School,1302820
25693,Hickory Flat Elementary School,1302820
25694,Austin Road Middle School,1302820
25695,Cotton Indian Elementary School,1302820
25696,Oakland Elementary School,1302820
25697,Eagle's Landing High School,1302820
25698,Ola Elementary School,1302820
25699,Mount Carmel Elementary School,1302820
25700,Union Grove High,1302820
25701,East Lake Elementary,1302820
25702,Luella Middle School,1302820
25703,Union Grove Middle,1302820
25704,Unity Grove Elementary School,1302820
25705,Luella High School,1302820
25706,Flippen Elementary School,1302820
25707,Dutchtown High,1302820
25708,Luella Elementary School,1302820
25709,Dutchtown Elementary School,1302820
25710,Woodland Elementary School,1302820
25711,Dutchtown Middle School,1302820
25712,Timber Ridge Elementary School,1302820
25713,Walnut Creek Elementary,1302820
25714,Ola High School,1302820
25715,Woodland Middle School,1302820
25716,Red Oak Elementary School,1302820
25717,New Hope Elementary,1302820
25718,Woodland High School,1302820
25719,Ola Middle School,1302820
25720,Bethlehem Elementary School,1302820
25721,Tussahaw Elementary,1302820
25722,Rock Spring Elementary,1302820
25723,Rocky Creek Elementary,1302820
25724,Locust Grove High,1302820
25725,Locust Grove Middle,1302820
25726,Hampton Middle School,1302820
25727,Hampton High School,1302820
25728,EXCEL Academy,1302820
25729,Perdue Elementary School,1302880
25730,Quail Run Elementary School,1302880
25731,Bonaire Elementary School,1302880
25732,Thomson Middle School,1302880
25733,Perry High School,1302880
25734,Northside Middle School,1302880
25735,Huntington Middle School,1302880
25736,Parkwood Elementary School,1302880
25737,Westside Elementary School,1302880
25738,Morningside Elementary School,1302880
25739,Northside High School,1302880
25740,Centerville Elementary School,1302880
25741,Tucker Elementary School,1302880
25742,Kings Chapel Elementary School,1302880
25743,Lindsey Elementary School,1302880
25744,Warner Robins Middle School,1302880
25745,Shirley Hills Elementary School,1302880
25746,Perry Middle School,1302880
25747,Miller Elementary School,1302880
25748,Warner Robins High School,1302880
25749,Russell Elementary School,1302880
25750,Feagin Mill Middle School,1302880
25751,Bonaire Middle School,1302880
25752,Pearl Stephens Elementary School,1302880
25753,Northside Elementary School,1302880
25754,Houston County High School,1302880
25755,Eagle Springs Elementary,1302880
25756,Matthew Arthur Elementary School,1302880
25757,C. B. Watson Primary School,1302880
25758,Lake Joy Primary School,1302880
25759,David A. Perdue Primary,1302880
25760,Hilltop Elementary School,1302880
25761,Lake Joy Elementary School,1302880
25762,Mossy Creek Middle School,1302880
25763,Veterans High School,1302880
25764,Houston County Crossroads Center,1302880
25765,Langston Road Elementary School,1302880
25766,Irwin County Middle School,1302910
25767,Irwin County Elementary School,1302910
25768,Irwin County High School,1302910
25769,Benton Elementary School,1302940
25770,South Jackson Elementary School,1302940
25771,North Jackson Elementary School,1302940
25772,Maysville Elementary School,1302940
25773,East Jackson Middle School,1302940
25774,West Jackson Middle School,1302940
25775,Jackson County High School,1302940
25776,West Jackson Elementary School,1302940
25777,East Jackson Elementary School,1302940
25778,East Jackson Comprehensive High School,1302940
25779,Gum Springs Elementary School,1302940
25780,Jasper County Primary School,1302970
25781,Washington Park Elementary School,1302970
25782,Jasper County Middle School,1302970
25783,Jasper County High School,1302970
25784,Jeff Davis Middle School,1303000
25785,Jeff Davis Elementary School,1303000
25786,Jeff Davis Primary School,1303000
25787,Jeff Davis High School,1303000
25788,Jefferson High School,1303030
25789,Jefferson Elementary School,1303030
25790,Jefferson Middle School,1303030
25791,Jefferson Academy,1303030
25792,Carver Elementary School,1303060
25793,Louisville Academy,1303060
25794,Wrens Elementary School,1303060
25795,Jefferson County High School,1303060
25796,Louisville Middle School,1303060
25797,Wrens Middle School,1303060
25798,Jenkins County High School,1303090
25799,Jenkins County Elementary School,1303090
25800,Jenkins County Middle School,1303090
25801,Johnson County High School,1303120
25802,Johnson County Elementary School,1303120
25803,Johnson County Middle School,1303120
25804,Gray Elementary School,1303150
25805,Jones County High School,1303150
25806,Dames Ferry Elementary School,1303150
25807,Clifton Ridge Middle School,1303150
25808,Mattie Wells Elementary School,1303150
25809,Gray Station Middle School,1303150
25810,Turner Woods Elementary School,1303150
25811,Lamar County High School,1303210
25812,Lamar County Primary School,1303210
25813,Lamar County Middle School,1303210
25814,Lamar County Elementary School,1303210
25815,Lanier County Primary School,1303240
25816,Lanier County Middle School,1303240
25817,Lanier County High School,1303240
25818,Lanier County Elementary School,1303240
25819,Lee County High School,1303270
25820,Lee County Middle School West,1303270
25821,Twin Oaks Elementary,1303270
25822,Lee County Elementary School,1303270
25823,Kinchafoonee Primary School,1303270
25824,Lee County Primary School,1303270
25825,Lee High School 9th Grade Campus,1303270
25826,Lee County Middle School East,1303270
25827,Taylors Creek Elementary School,1303300
25828,Snelson-Golden Middle School,1303300
25829,Button Gwinnett Elementary School,1303300
25830,Bradwell Institute,1303300
25831,Liberty Elementary School,1303300
25832,Frank Long Elementary School,1303300
25833,Lewis Frasier Middle School,1303300
25834,Lyman Hall Elementary School,1303300
25835,Joseph Martin Elementary School,1303300
25836,Liberty County High School,1303300
25837,Waldo Pafford Elementary School,1303300
25838,Midway Middle School,1303300
25839,Lincoln County Elementary School,1303330
25840,Lincoln County Middle School,1303330
25841,Lincoln County High School,1303330
25842,Long County High School,1303360
25843,Smiley Elementary School,1303360
25844,Long County Middle School,1303360
25845,Walker Elementary School,1303360
25846,Moulton-Branch Elementary School,1303390
25847,Lowndes High School,1303390
25848,Lake Park Elementary School,1303390
25849,Hahira Middle School,1303390
25850,Hahira Elementary School,1303390
25851,Lowndes Middle School,1303390
25852,Clyattville Elementary School,1303390
25853,Pine Grove Elementary School,1303390
25854,Dewar Elementary,1303390
25855,Westside Elementary School,1303390
25856,Pine Grove Middle School,1303390
25857,Lumpkin County Middle School,1303420
25858,Lumpkin County Elementary School,1303420
25859,Long Branch Elementary School,1303420
25860,Lumpkin County High School,1303420
25861,Blackburn Elementary School,1303420
25862,Macon County High School,1303450
25863,Macon County Middle School,1303450
25864,Macon County Elementary School,1303450
25865,Colbert Elementary School,1303480
25866,Comer Elementary School,1303480
25867,Madison County Middle School,1303480
25868,Madison County High School,1303480
25869,Ila Elementary School,1303480
25870,Danielsville Elementary School,1303480
25871,Hull-Sanford Elementary School,1303480
25872,Dunleith Elementary School,1303510
25873,Lockheed Elementary School,1303510
25874,Park Street Elementary School,1303510
25875,A.L. Burruss Elementary School,1303510
25876,Marietta Middle School,1303510
25877,West Side Elementary School,1303510
25878,Marietta High School,1303510
25879,Hickory Hills Elementary School,1303510
25880,Marietta Sixth Grade Academy,1303510
25881,Sawyer Road Elementary School,1303510
25882,Marietta Center for Advanced Academics,1303510
25883,George W. Hartmann Center,1303510
25884,Marion County Middle/High School,1303540
25885,L. K. Moss Elementary School,1303540
25886,Norris Elementary School,1303570
25887,Maxwell Elementary School,1303570
25888,Thomson Elementary School,1303570
25889,Dearing Elementary School,1303570
25890,Thomson High School,1303570
25891,Thomson-McDuffie Middle School,1303570
25892,Todd Grant Elementary School,1303600
25893,McIntosh County Middle School,1303600
25894,McIntosh Academy,1303600
25895,Manchester Middle School,1303630
25896,Manchester High School,1303630
25897,Greenville High School,1303630
25898,Unity Elementary School (PK-5),1303630
25899,Mountain View Elementary School,1303630
25900,George E. Washington Elementary School (PK-5),1303630
25901,Good Sheperd Therapeutic Center,1303630
25902,Greenville Middle School,1303630
25903,Miller County Elementary School,1303660
25904,Miller County Middle School,1303660
25905,Miller County High School,1303660
25906,Mitchell County Middle School,1303690
25907,Mitchell County High School,1303690
25908,Mitchell County Primary School,1303690
25909,Baconton Community Charter School,1303690
25910,Mitchell County Elementary School,1303690
25911,Mary Persons High School,1303720
25912,Samuel E. Hubbard Elementary School,1303720
25913,T.G. Scott Elementary School,1303720
25914,Katherine B. Sutton Elementary School,1303720
25915,Monroe County Middle School- Banks Stephens Campus,1303720
25916,Montgomery County Middle School,1303750
25917,Montgomery Co. High,1303750
25918,Montgomery County Elementary School,1303750
25919,Morgan County High School,1303780
25920,Morgan County Middle School,1303780
25921,Morgan County Primary School,1303780
25922,Morgan County Elementary School,1303780
25923,Coker Elementary School,1303840
25924,Murray County High School,1303840
25925,Spring Place Elementary School,1303840
25926,Chatsworth Elementary School,1303840
25927,Northwest Elementary School,1303840
25928,Gladden Middle School,1303840
25929,Bagley Middle School,1303840
25930,Eton Elementary School,1303840
25931,Woodlawn Elementary School,1303840
25932,Pleasant Valley Innovative School,1303840
25933,North Murray High School,1303840
25934,Blackmon Road Middle School,1303870
25935,Shaw High School,1303870
25936,Downtown Elementary Magnet Academy,1303870
25937,Fort Middle School,1303870
25938,Hardaway High School,1303870
25939,Double Churches Elementary School,1303870
25940,Rothschild Leadership Academy School,1303870
25941,Richards Middle School,1303870
25942,Key Elementary School,1303870
25943,Forrest Road Elementary School,1303870
25944,Britt David Elementary Computer Magnet Academy,1303870
25945,Columbus High School,1303870
25946,Clubview Elementary School,1303870
25947,Blanchard Elementary School,1303870
25948,Arnold Middle School,1303870
25949,Spencer High School,1303870
25950,Reese Road Leadership Academy,1303870
25951,Kendrick High School,1303870
25952,Georgetown Elementary School,1303870
25953,Dimon Elementary,1303870
25954,Wesley Heights Elementary School,1303870
25955,Jordan Vocational High School,1303870
25956,Gentian Elementary School,1303870
25957,Eddy Middle School,1303870
25958,Dawson Elementary School,1303870
25959,Waddell Elementary School,1303870
25960,St. Marys Video and Communication Technology,1303870
25961,Rigdon Road Elementary School,1303870
25962,Carver High School,1303870
25963,Wynnton Elementary School,1303870
25964,South Columbus Elementary School,1303870
25965,River Road Elementary School,1303870
25966,Allen Elementary School,1303870
25967,Mathews Elementary School,1303870
25968,Johnson Elementary School,1303870
25969,Fox Elementary School,1303870
25970,Lonnie Jackson Academy,1303870
25971,Davis Elementary School,1303870
25972,Hannan Elementary,1303870
25973,Brewer Elementary School,1303870
25974,Midland Middle School,1303870
25975,Martin Luther King- Jr. Elementary School,1303870
25976,Baker Middle School,1303870
25977,East Columbus Magnet Academy,1303870
25978,Double Churches Middle School,1303870
25979,Midland Academy,1303870
25980,Northside High School,1303870
25981,Early College Academy of Columbus at Waverly Terrace,1303870
25982,North Columbus Elementary,1303870
25983,Veterans Memorial Middle School,1303870
25984,Eagle Ridge Academy,1303870
25985,Aaron Cohn Middle School,1303870
25986,Dorothy Height Elementary School,1303870
25987,Rainey McCullers School of the Arts,1303870
25988,Eastside High School,1303930
25989,Newton High School,1303930
25990,Fairview Elementary,1303930
25991,East Newton Elementary School,1303930
25992,Cousins Middle School,1303930
25993,Porterdale Elementary School,1303930
25994,Heard-Mixon Elementary School,1303930
25995,Mansfield Elementary School,1303930
25996,Flint Hill Elementary,1303930
25997,Livingston Elementary School,1303930
25998,Middle Ridge Elementary School,1303930
25999,West Newton Elementary School,1303930
26000,Indian Creek Middle School,1303930
26001,Veterans Memorial Middle School,1303930
26002,Oak Hill Elementary School,1303930
26003,Rocky Plains Elementary School,1303930
26004,Alcovy High School,1303930
26005,South Salem Elementary School,1303930
26006,Clements Middle School,1303930
26007,Live Oak Elementary,1303930
26008,Newton County Theme School at Ficquett,1303930
26009,Liberty Middle School,1303930
26010,Newton College and Career Academy,1303930
26011,Oconee County Middle School,1303960
26012,Oconee County High School,1303960
26013,Oconee County Elementary School,1303960
26014,Colham Ferry Elementary School,1303960
26015,Malcom Bridge Elementary School,1303960
26016,Oconee County Primary School,1303960
26017,Malcom Bridge Middle School,1303960
26018,Rocky Branch Elementary School,1303960
26019,North Oconee High School,1303960
26020,High Shoals Elementary School,1303960
26021,Oglethorpe County Middle School,1303990
26022,Oglethorpe County High School,1303990
26023,Oglethorpe County Elementary School,1303990
26024,Oglethorpe County Primary School,1303990
26025,Floyd L. Shelton Elementary School at Crossroad,1304020
26026,Northside Elementary School,1304020
26027,East Paulding Middle School,1304020
26028,Dallas Elementary School,1304020
26029,Paulding County High School,1304020
26030,Herschel Jones Middle School,1304020
26031,New Georgia Elementary School,1304020
26032,Hiram Elementary School,1304020
26033,Union Elementary School,1304020
26034,Sam D. Panter Elementary School,1304020
26035,J. A. Dobbins Middle School,1304020
26036,McGarity Elementary School,1304020
26037,South Paulding Middle School,1304020
26038,East Paulding High School,1304020
26039,Nebo Elementary School,1304020
26040,C. A. Roberts Elementary School,1304020
26041,Allgood Elementary School,1304020
26042,Hiram High School,1304020
26043,Lena Mae Moses Middle School,1304020
26044,Bessie L. Baggett Elementary,1304020
26045,Lillian C. Poole Elementary School,1304020
26046,Roland W. Russom Elementary,1304020
26047,South Paulding High School,1304020
26048,Connie Dugan Elementary School,1304020
26049,Irma C. Austin Middle School,1304020
26050,North Paulding High School,1304020
26051,Burnt Hickory Elementary School,1304020
26052,Sammy McClure Sr. Middle School,1304020
26053,Carl Scoggins Sr. Middle school,1304020
26054,Hal Hutchens Elementary,1304020
26055,Sara M. Ragsdale Elementary,1304020
26056,WC Abney Elementary,1304020
26057,P. B. Ritch Middle School,1304020
26058,Hunt Elementary School,1304050
26059,Byron Elementary School,1304050
26060,Fort Valley Middle School,1304050
26061,Peach County High School,1304050
26062,Byron Middle School,1304050
26063,Kay Road Elementary,1304050
26064,Pelham Elementary School,1304080
26065,Pelham High School,1304080
26066,Pelham City Middle School,1304080
26067,Pickens County Middle School,1304110
26068,Pickens County High School,1304110
26069,Hill City Elementary School,1304110
26070,Jasper Elementary School,1304110
26071,Tate Elementary School,1304110
26072,Jasper Middle School,1304110
26073,Harmony Elementary School,1304110
26074,Patterson Elementary School,1304140
26075,Pierce County Middle School,1304140
26076,Blackshear Elementary School,1304140
26077,Pierce County High School,1304140
26078,Midway Elementary School,1304140
26079,Pike County High School,1304170
26080,Pike County Elementary School,1304170
26081,Pike County Primary School,1304170
26082,Pike County Middle School,1304170
26083,Zebulon High School,1304170
26084,Westside Elementary School,1304200
26085,Eastside Elementary School,1304200
26086,Rockmart High School,1304200
26087,Cedartown High School,1304200
26088,Cherokee Elementary School,1304200
26089,Northside Elementary,1304200
26090,Cedartown Middle School,1304200
26091,Rockmart Middle School,1304200
26092,Harpst Academy,1304200
26093,Van Wert Elementary School,1304200
26094,Youngs Grove Elementary School,1304200
26095,Pulaski County Middle School,1304220
26096,Pulaski County Elementary School,1304220
26097,Hawkinsville High School,1304220
26098,Putnam County Elementary School,1304260
26099,Putnam County Middle School,1304260
26100,Putnam County High School,1304260
26101,Putnam County Primary School,1304260
26102,Quitman County Elementary,1304290
26103,Quitman County High School,1304290
26104,Rabun County Elementary School,1304320
26105,Rabun County High School,1304320
26106,Rabun County Middle School,1304320
26107,Rabun County Primary School,1304320
26108,Randolph County Elementary School,1304350
26109,Randolph Clay Middle School,1304350
26110,Randolph Clay High School,1304350
26111,Goshen Elementary School,1304380
26112,Tobacco Road Elementary School,1304380
26113,Monte Sano Elementary School,1304380
26114,Southside Elementary School,1304380
26115,Academy of Richmond County High School,1304380
26116,Lamar - Milledge Elementary School,1304380
26117,Gracewood Elementary School,1304380
26118,Blythe Elementary School,1304380
26119,Josey High School,1304380
26120,Johnson Magnet,1304380
26121,Glenn Hills High School,1304380
26122,Sego Middle School,1304380
26123,Bayvale Elementary School,1304380
26124,Westside High School,1304380
26125,Warren Road Elementary School,1304380
26126,Merry Elementary School,1304380
26127,Hephzibah High School,1304380
26128,Glenn Hills Elementary School,1304380
26129,Copeland Elementary School,1304380
26130,Barton Chapel Elementary School,1304380
26131,Hephzibah Middle School,1304380
26132,Windsor Spring Road Elementary School,1304380
26133,Walker Traditional Elementary School,1304380
26134,Rollins Elementary School,1304380
26135,Langford Middle School,1304380
26136,Hephzibah Elementary School,1304380
26137,Garrett Elementary School,1304380
26138,Butler High School,1304380
26139,Meadowbrook Elementary School,1304380
26140,Wheeless Road Elementary School,1304380
26141,Terrace Manor Elementary School,1304380
26142,Davidson Magnet School,1304380
26143,Dorothy Hains Elementary School,1304380
26144,Laney High School,1304380
26145,Tutt Middle School,1304380
26146,Murphey Middle School,1304380
26147,Glenn Hills Middle School,1304380
26148,Morgan Road Middle School,1304380
26149,Jamestown Elementary School,1304380
26150,Willis Foreman Elementary School,1304380
26151,Spirit Creek Middle School,1304380
26152,McBean Elementary School,1304380
26153,Cross Creek High School,1304380
26154,Lake Forest Hills Elementary School,1304380
26155,Craig-Houghton Elementary School,1304380
26156,Sue Reynolds Elementary School,1304380
26157,Jenkins-White Elementary School,1304380
26158,Freedom Park Elementary,1304380
26159,Wilkinson Gardens Elementary School,1304380
26160,Lighthouse Care Center of Augusta,1304380
26161,Deer Chase Elementary School,1304380
26162,Diamond Lakes Elementary School,1304380
26163,W.S. Hornsby Middle School,1304380
26164,Pine Hill Middle School,1304380
26165,Richmond County Technical Career Magnet School,1304380
26166,Alternative Education Center at Lamar,1304380
26167,Performance Learning Center,1304380
26168,W.S. Hornsby Elementary School,1304380
26169,Shoal Creek Elementary School,1304410
26170,Memorial Middle School,1304410
26171,Honey Creek Elementary School,1304410
26172,House Elementary School,1304410
26173,Hicks Elementary School,1304410
26174,Rockdale County High School,1304410
26175,Pine Street Elementary School,1304410
26176,Flat Shoals Elementary School,1304410
26177,Edwards Middle School,1304410
26178,Conyers Middle School,1304410
26179,Barksdale Elementary School,1304410
26180,Heritage High School,1304410
26181,Lorraine Elementary School,1304410
26182,Sims Elementary School,1304410
26183,Hightower Trail Elementary School,1304410
26184,Salem High School,1304410
26185,Peek's Chapel Elementary,1304410
26186,General Ray Davis Middle School,1304410
26187,Alpha Academy,1304410
26188,Rockdale Open Campus School,1304410
26189,Rome High School,1304440
26190,Rome Middle School,1304440
26191,West Central Elementary School,1304440
26192,Elm Street Elementary,1304440
26193,East Central Elementary School,1304440
26194,North Heights Elementary School,1304440
26195,Main Elementary School,1304440
26196,West End Elementary School,1304440
26197,Anna K. Davie Elementary,1304440
26198,Schley County Elementary School,1304470
26199,Schley Middle High School,1304470
26200,Screven County High School,1304500
26201,Screven County Elementary School,1304500
26202,Screven County Middle School,1304500
26203,Seminole County Middle/High School,1304530
26204,Seminole County Elementary School,1304530
26205,Social Circle Elementary School,1304540
26206,Social Circle High School,1304540
26207,Social Circle Middle School,1304540
26208,Social Circle Primary School,1304540
26209,Big A Elementary School,1304560
26210,Stephens County High School,1304560
26211,Stephens County Middle School,1304560
26212,Toccoa Elementary School,1304560
26213,Liberty Elementary School,1304560
26214,Stephens County Fifth Grade Academy,1304560
26215,Stewart County Elementary School,1304590
26216,Stewart County Middle School,1304590
26217,Stewart County High School,1304590
26218,Americus Sumter High School (Old Americus-Sumter HS S),1304620
26219,Sumter County Intermediate School,1304620
26220,Americus Sumter 9th Grade Academy,1304620
26221,Sumter County Elementary School,1304620
26222,Sumter County Middle School,1304620
26223,Sumter County Primary School,1304620
26224,Furlow Charter School,1304620
26225,Central Elementary/High School,1304650
26226,Taliaferro County School,1304680
26227,Tattnall County High School,1304770
26228,Reidsville Middle School,1304770
26229,Glennville Middle School,1304770
26230,Collins Elementary School,1304770
26231,Collins Middle School,1304770
26232,Glennville Elementary School,1304770
26233,Reidsville Elementary School,1304770
26234,Taylor County Upper Elementary,1304800
26235,Taylor County Middle School,1304800
26236,Taylor County High School,1304800
26237,Taylor County Primary School,1304800
26238,Georgia Center,1304800
26239,Telfair County Middle School,1304830
26240,Telfair County High School,1304830
26241,Telfair County Elementary,1304830
26242,Telfair Alternative Preparation School (TAPS),1304830
26243,Terrell High School,1304860
26244,Cooper-Carver Elementary School,1304860
26245,Terrell Middle School,1304860
26246,Cross Creek Elementary School,1304890
26247,Garrison-Pilcher Elementary School,1304890
26248,Thomas County Central High School,1304890
26249,Thomas County Middle School,1304890
26250,Bishop Hall Charter School,1304890
26251,Hand In Hand Primary,1304890
26252,The Renaissance Center for Academic and Career Development,1304890
26253,Jerger Elementary School,1304950
26254,Thomasville High School,1304950
26255,Harper Elementary School,1304950
26256,Scott Elementary School,1304950
26257,MacIntyre Park Middle School,1304950
26258,G. O. Bailey Primary School,1304980
26259,Annie Belle Clark Primary School,1304980
26260,Northside Primary School,1304980
26261,Len Lastinger Primary School,1304980
26262,J. T. Reddick School,1304980
26263,Charles Spencer Elementary School,1304980
26264,Matt Wilson Elementary School,1304980
26265,Omega Elementary School,1304980
26266,Northeast Campus- Tift County High School,1304980
26267,Tift County High School,1304980
26268,Eighth Street Middle School,1304980
26269,Toombs Central Elementary School,1305040
26270,Toombs County High School,1305040
26271,Toombs County Middle School,1305040
26272,Lyons Primary School,1305040
26273,Lyons Upper Elementary,1305040
26274,Towns County Elementary School,1305070
26275,Towns County Middle School,1305070
26276,Towns County High School,1305070
26277,Treutlen Middle/High School,1305100
26278,Treutlen Elementary School,1305100
26279,Trion Elementary School,1305130
26280,Trion Middle School,1305130
26281,Trion High School,1305130
26282,Turner County Middle School,1305190
26283,Turner County High School,1305190
26284,Turner County Specialty School,1305190
26285,Turner County Elementary School,1305190
26286,Twiggs County High School,1305220
26287,Twiggs Middle School,1305220
26288,Jeffersonville Elementary,1305220
26289,Union County Primary School,1305250
26290,Union County High School,1305250
26291,Woody Gap High/Elementary School,1305250
26292,Union County Elementary School,1305250
26293,Union County Middle School,1305250
26294,Upson-Lee Middle School,1305280
26295,Upson-Lee High School,1305280
26296,Upson-Lee Elementary School,1305280
26297,Upson-Lee Primary School,1305280
26298,Newbern Middle School,1305310
26299,J. L. Lomax Elementary School,1305310
26300,W.G. Nunn Elementary,1305310
26301,Valdosta High School,1305310
26302,Valdosta Middle School,1305310
26303,Pinevale Elementary School,1305310
26304,Sallas Mahone Elementary,1305310
26305,S.L. Mason Elementary School,1305310
26306,Sally Dailey Meadows Elementary School,1305340
26307,J. D. Dickerson Primary School,1305340
26308,Vidalia Comprehensive High School,1305340
26309,J. R. Trippe Middle School,1305340
26310,Rossville Elementary School,1305370
26311,Gilbert Elementary School,1305370
26312,LaFayette Middle School,1305370
26313,Fairyland Elementary School,1305370
26314,Naomi Elementary School,1305370
26315,North LaFayette Elementary School,1305370
26316,Chattanooga Valley Elementary School,1305370
26317,Stone Creek Elementary School,1305370
26318,Rock Spring Elementary School,1305370
26319,Ridgeland High School,1305370
26320,LaFayette High School,1305370
26321,Cherokee Ridge Elementary,1305370
26322,Chattanooga Valley Middle School,1305370
26323,Rossville Middle School,1305370
26324,Saddle Ridge Elementary and Middle School,1305370
26325,Carver Middle School,1305390
26326,Walnut Grove Elementary School,1305390
26327,Bay Creek Elementary School,1305390
26328,Loganville Middle School,1305390
26329,Walker Park Elementary School,1305390
26330,Harmony Elementary School,1305390
26331,Monroe Area High School,1305390
26332,Loganville Elementary School,1305390
26333,Loganville High School,1305390
26334,Atha Road Elementary School,1305390
26335,Youth Elementary School,1305390
26336,Youth Middle School,1305390
26337,Monroe Elementary,1305390
26338,Sharon Elementary School,1305390
26339,Walnut Grove High School,1305390
26340,Williams Heights Elementary School,1305430
26341,Center Elementary School,1305430
26342,Ruskin Elementary School,1305430
26343,Wacona Elementary School,1305430
26344,Waresboro Elementary School,1305430
26345,Memorial Drive Elementary School,1305430
26346,Ware County High School,1305430
26347,Ware County Middle School,1305430
26348,Waycross Middle School,1305430
26349,Warren County High School,1305460
26350,Freeman Elementary School,1305460
26351,Warren County Middle School,1305460
26352,Ridge Road Primary School,1305490
26353,Washington County High School,1305490
26354,Ridge Road Elementary School,1305490
26355,T. J. Elder Middle School,1305490
26356,Martha Puckett Middle School,1305550
26357,Arthur Williams Middle School,1305550
26358,Martha Rawls Smith Elementary School,1305550
26359,Bacon Elementary School,1305550
26360,Jesup Elementary School,1305550
26361,Odum Elementary School,1305550
26362,Wayne County High School,1305550
26363,Screven Elementary School,1305550
26364,Webster County Elementary/Middle School,1305580
26365,Webster County High School,1305580
26366,Wheeler County High School,1305640
26367,Wheeler County Elementary School,1305640
26368,Wheeler County Middle School,1305640
26369,White County Middle School,1305670
26370,White County High School,1305670
26371,Tesnatee Gap Elementary (Old White Co. Intermediate),1305670
26372,Jack P Nix Elementary School,1305670
26373,Mount Yonah Elementary School,1305670
26374,White County 9th Grade Academy,1305670
26375,Mossy Creek Elementary School,1305670
26376,Phoenix High School,1305700
26377,Eastbrook Middle School,1305700
26378,Southeast Whitfield County High School,1305700
26379,Northwest Whitfield County High School,1305700
26380,Westside Middle School,1305700
26381,Valley Point Middle School,1305700
26382,North Whitfield Middle School,1305700
26383,Tunnel Hill Elementary School,1305700
26384,Valley Point Elementary School,1305700
26385,Dug Gap Elementary School,1305700
26386,Dawnville Elementary School,1305700
26387,Westside Elementary School,1305700
26388,Pleasant Grove Elementary School,1305700
26389,Cohutta Elementary School,1305700
26390,Varnell Elementary School,1305700
26391,Eastside Elementary School,1305700
26392,Antioch Elementary School,1305700
26393,New Hope Elementary School,1305700
26394,New Hope Middle School,1305700
26395,Beaverdale Elementary School,1305700
26396,Cedar Ridge Elementary,1305700
26397,Coahulla Creek High School,1305700
26398,Wilcox County Elementary School,1305730
26399,Wilcox County High School,1305730
26400,Wilcox County Middle School,1305730
26401,Washington-Wilkes Primary School,1305760
26402,Washington-Wilkes Elementary School,1305760
26403,Washington-Wilkes Comprehensive High School,1305760
26404,Washington-Wilkes Middle School,1305760
26405,Wilkinson County High School,1305790
26406,Wilkinson County Primary School,1305790
26407,Wilkinson County Middle School,1305790
26408,Wilkinson County Elementary School,1305790
26409,Worth County Middle School,1305850
26410,Worth County Primary School,1305850
26411,Worth County High School,1305850
26412,Worth County Elementary School,1305850
26413,Worth County Achievement Center,1305850
